<?xml version="1.0"?>
<Data>
  <Tab name="Time">
    <StartSimDate>9/15/2014</StartSimDate>
    <EndDaySeason>11/14/2014</EndDaySeason>
    <NumSeasonDays>60</NumSeasonDays>
    <NumYears>1</NumYears>
    <TimeBetweenDailyTimeStep>15</TimeBetweenDailyTimeStep>
    <StartTime>0</StartTime>
  </Tab>
  <Tab name="Map">
    <Directory type="Social">R:\day29\Martens\Ch3\Inputs18\Social</Directory>
    <Directory type="Food">R:\day29\Martens\Ch3\Inputs18\Food</Directory>
    <Directory type="Predation">R:\day29\Martens\Ch3\Inputs18\Risk</Directory>
    <Directory type="Move">R:\day29\Martens\Ch3\Inputs18\Movement</Directory>
    <Directory type="Dispersal">R:\day29\Martens\Ch3\Inputs18\Release</Directory>
    <MapSwitchTriggers name="Social">
      <StartDate>9/15/2014</StartDate>
      <StartTime>0</StartTime>
      <Path>R:\day29\Martens\Ch3\Inputs18\Social</Path>
      <FileName>C45_LU_Suit_EW_80res_8</FileName>
      <TriggerType>DAILY</TriggerType>
    </MapSwitchTriggers>
	<MapSwitchTriggers name="Social">
      <StartDate>10/15/2014</StartDate>
      <StartTime>0</StartTime>
      <Path>R:\day29\Martens\Ch3\Inputs18\Social</Path>
      <FileName>C458_LU_Suit_EW_70</FileName>
      <TriggerType>DAILY</TriggerType>
    </MapSwitchTriggers>
	<MapSwitchTriggers name="Social">
      <StartDate>10/30/2014</StartDate>
      <StartTime>0</StartTime>
      <Path>R:\day29\Martens\Ch3\Inputs18\Social</Path>
      <FileName>C458_LU_Suit_EW_60</FileName>
      <TriggerType>DAILY</TriggerType>
    </MapSwitchTriggers>
    <MapSwitchTriggers name="Food">
      <StartDate>9/15/2014</StartDate>
      <StartTime>0</StartTime>
      <Path>R:\day29\Martens\Ch3\Inputs18\Food</Path>
      <FileName>Landuse_Food_EW_C458</FileName>
      <TriggerType>STATIC</TriggerType>
    </MapSwitchTriggers>
    <MapSwitchTriggers name="Predation">
      <StartDate>9/15/2014</StartDate>
      <StartTime>0</StartTime>
      <Path>R:\day29\Martens\Ch3\Inputs18\Risk</Path>
      <FileName>Landuse_Risk_EW_C458</FileName>
      <TriggerType>STATIC</TriggerType>
    </MapSwitchTriggers>
    <MapSwitchTriggers name="Move">
      <StartDate>9/15/2014</StartDate>
      <StartTime>0</StartTime>
      <Path>R:\day29\Martens\Ch3\Inputs18\Movement</Path>
      <FileName>Landuse_Move_EW_C458</FileName>
      <TriggerType>STATIC</TriggerType>
    </MapSwitchTriggers>
    <MapSwitchTriggers name="Dispersal">
      <StartDate>9/15/2014</StartDate>
      <StartTime>0</StartTime>
      <Path>R:\day29\Martens\Ch3\Inputs18\Release</Path>
      <FileName>ReleaseEW_LU_C45_8_Gen5</FileName>
      <TriggerType>STATIC</TriggerType>
    </MapSwitchTriggers>
  </Tab>
  <Tab name="Species">
    <EnergyParameters>
      <InitialEnergy>5491</InitialEnergy>
      <MaxEnergy>5975</MaxEnergy>
      <MinEnergy>0</MinEnergy>
    </EnergyParameters>
    <TemporalParameters>
      <WakeUpTime>0</WakeUpTime>
      <ActivityDurations>
        <Duration Type="Active">
          <MeanAmt>9.1</MeanAmt>
          <StandardDeviation>0.7</StandardDeviation>
        </Duration>
        <Duration Type="Sleeping">
          <MeanAmt>14.9</MeanAmt>
          <StandardDeviation>0.7</StandardDeviation>
        </Duration>
      </ActivityDurations>
    </TemporalParameters>
    <BehavioralTriggers>
      <txtRiskyToSafe>0</txtRiskyToSafe>
      <txtSafeToRisky>0</txtSafeToRisky>
      <txtSearchForageTrigger>1</txtSearchForageTrigger>
    </BehavioralTriggers>
    <txtPerception>100</txtPerception>
  </Tab>
  <Tab name="HomeRange">
    <HomeRangeArea gender="male">3.57</HomeRangeArea>
    <HomeRangeArea gender="female">1.70</HomeRangeArea>
    <MaleDistanceModifierWeight gender="male">1</MaleDistanceModifierWeight>
    <FemaleDistanceModifierWeight gender="female">1</FemaleDistanceModifierWeight>
    <HomeRangeTrigger type="steps">True</HomeRangeTrigger>
    <HomeRangeTrigger type="sites">False</HomeRangeTrigger>
    <txtTriggerNum>510</txtTriggerNum>
    <HomeRangeCriteria type="Closest">False</HomeRangeCriteria>
    <HomeRangeCriteria type="food">False</HomeRangeCriteria>
    <HomeRangeCriteria type="risk">False</HomeRangeCriteria>
    <HomeRangeCriteria type="combo">True</HomeRangeCriteria>
  </Tab>
  <Tab name="Movement">
    <AnimalModifiers>
      <Modifier type="MaleModifier">
        <CaptureFood>9</CaptureFood>
        <EnergyUsed>9</EnergyUsed>
        <MoveSpeed>9</MoveSpeed>
        <MoveTurtosity>1</MoveTurtosity>
        <Name />
        <PerceptonModifier>1</PerceptonModifier>
        <PredationRisk>3.2</PredationRisk>
      </Modifier>
      <Modifier type="FemaleModifier">
        <CaptureFood>9</CaptureFood>
        <EnergyUsed>9</EnergyUsed>
        <MoveSpeed>8.19</MoveSpeed>
        <MoveTurtosity>0.96</MoveTurtosity>
        <Name />
        <PerceptonModifier>1</PerceptonModifier>
        <PredationRisk>3.2</PredationRisk>
      </Modifier>
      <Modifier type="RiskyForageMod">
        <CaptureFood>1</CaptureFood>
        <EnergyUsed>1</EnergyUsed>
        <MoveSpeed>1</MoveSpeed>
        <MoveTurtosity>1</MoveTurtosity>
        <Name>RiskyForageModifier</Name>
        <PerceptonModifier>1</PerceptonModifier>
        <PredationRisk>1</PredationRisk>
      </Modifier>
      <Modifier type="RiskySearchMod">
        <CaptureFood>1</CaptureFood>
        <EnergyUsed>1</EnergyUsed>
        <MoveSpeed>1</MoveSpeed>
        <MoveTurtosity>1</MoveTurtosity>
        <Name>RiskySearchModifier</Name>
        <PerceptonModifier>1</PerceptonModifier>
        <PredationRisk>1</PredationRisk>
      </Modifier>
      <Modifier type="SafeForageMod">
        <CaptureFood>1</CaptureFood>
        <EnergyUsed>1</EnergyUsed>
        <MoveSpeed>1</MoveSpeed>
        <MoveTurtosity>1</MoveTurtosity>
        <Name>SafeForageModifier</Name>
        <PerceptonModifier>1</PerceptonModifier>
        <PredationRisk>1</PredationRisk>
      </Modifier>
      <Modifier type="SafeSearchMod">
        <CaptureFood>1</CaptureFood>
        <EnergyUsed>1</EnergyUsed>
        <MoveSpeed>1</MoveSpeed>
        <MoveTurtosity>1</MoveTurtosity>
        <Name>SafeSearchModifier</Name>
        <PerceptonModifier>1</PerceptonModifier>
        <PredationRisk>1</PredationRisk>
      </Modifier>
    </AnimalModifiers>
    <TemporalModifiers>
      <DailyModifiers>
        <Modifier type="DailyModifier">
          <StartDate>9/15/2014 12:00:00 AM</StartDate>
          <CaptureFood>1</CaptureFood>
          <EnergyUsed>1</EnergyUsed>
          <MoveSpeed>1</MoveSpeed>
          <MoveTurtosity>1</MoveTurtosity>
          <Name />
          <PerceptonModifier>1</PerceptonModifier>
          <PredationRisk>1</PredationRisk>
        </Modifier>
      </DailyModifiers>
      <HourlyModifiers>
        <Modifier type="HourlyModifier">
          <StartTime>0</StartTime>
          <CaptureFood>1</CaptureFood>
          <EnergyUsed>1</EnergyUsed>
          <MoveSpeed>1</MoveSpeed>
          <MoveTurtosity>1</MoveTurtosity>
          <Name />
          <PerceptonModifier>1</PerceptonModifier>
          <PredationRisk>1</PredationRisk>
        </Modifier>
      </HourlyModifiers>
    </TemporalModifiers>
  </Tab>
  <Tab name="Simulation">
    <Resident>
      <txtResDieBetweenSeason>0</txtResDieBetweenSeason>
      <txtResDieTimeStep>0.0000</txtResDieTimeStep>
      <txtResBreedPercent>0</txtResBreedPercent>
      <txtResFemalePercent>0.5</txtResFemalePercent>
      <txtResOffspringMean>0</txtResOffspringMean>
      <txtResOffspringSD>0</txtResOffspringSD>
    </Resident>
    <Output>
      <OutputPath>C:\McCann\bounds10_buffer100_box1_rep1\2010</OutputPath>
      <TextOutput>True</TextOutput>
    </Output>
  </Tab>
</Data>