<?xml version="1.0" encoding="UTF-8"?><?xml-stylesheet type='text/xsl' href='_UpgradeReport_Files/UpgradeReport.xslt'?><UpgradeLog>
<Properties><Property Name="Solution" Value="DataCentric">
</Property><Property Name="Solution File" Value="C:\vcommandHPCarc10_newhoming\DataCentric\DataCentric.sln">
</Property><Property Name="Date" Value="Tuesday, January 29, 2013">
</Property><Property Name="Time" Value="12:04 PM">
</Property><Property Name="Log Number" Value="2">
</Property></Properties><Event ErrorLevel="0" Project="DataCentric" Source="DataCentric.csproj" Description="Project converted successfully">
</Event><Event ErrorLevel="3" Project="DataCentric" Source="DataCentric.csproj" Description="Converted">
</Event><Event ErrorLevel="0" Project="" Source="DataCentric.sln" Description="Solution converted successfully">
</Event><Event ErrorLevel="3" Project="" Source="DataCentric.sln" Description="Converted">
</Event><Event ErrorLevel="0" Project="DataCentric" Source="DataCentric.csproj" Description="Scan complete: Upgrade not required for project files.">
</Event></UpgradeLog>