<?xml version="1.0" encoding="UTF-8"?><?xml-stylesheet type='text/xsl' href='_UpgradeReport_Files/UpgradeReport.xslt'?><UpgradeLog>
<Properties><Property Name="Solution" Value="DataCentric">
</Property><Property Name="Solution File" Value="D:\Dispersal\Code\DataCentric\DataCentric.sln">
</Property><Property Name="User Options File" Value="D:\Dispersal\Code\DataCentric\DataCentric.suo">
</Property><Property Name="Date" Value="Tuesday, July 14, 2009">
</Property><Property Name="Time" Value="14:36 PM">
</Property></Properties><Event ErrorLevel="0" Project="" Source="DataCentric.sln" Description="File successfully backed up as D:\Dispersal\Code\DataCentric\Backup\DataCentric.sln">
</Event><Event ErrorLevel="0" Project="" Source="DataCentric.suo" Description="File successfully backed up as D:\Dispersal\Code\DataCentric\Backup\DataCentric.suo">
</Event><Event ErrorLevel="0" Project="DataCentric" Source="DataCentric.csproj" Description="Project file successfully backed up as D:\Dispersal\Code\DataCentric\Backup\DataCentric.csproj">
</Event><Event ErrorLevel="0" Project="DataCentric" Source="Animal.cs" Description="File successfully backed up as D:\Dispersal\Code\DataCentric\Backup\Animal.cs">
</Event><Event ErrorLevel="0" Project="DataCentric" Source="AnimalAtributes.cs" Description="File successfully backed up as D:\Dispersal\Code\DataCentric\Backup\AnimalAtributes.cs">
</Event><Event ErrorLevel="0" Project="DataCentric" Source="AnimalManager.cs" Description="File successfully backed up as D:\Dispersal\Code\DataCentric\Backup\AnimalManager.cs">
</Event><Event ErrorLevel="0" Project="DataCentric" Source="AnimalMap.cs" Description="File successfully backed up as D:\Dispersal\Code\DataCentric\Backup\AnimalMap.cs">
</Event><Event ErrorLevel="0" Project="DataCentric" Source="AnimalValidator.cs" Description="File successfully backed up as D:\Dispersal\Code\DataCentric\Backup\AnimalValidator.cs">
</Event><Event ErrorLevel="0" Project="DataCentric" Source="DataManipulator.cs" Description="File successfully backed up as D:\Dispersal\Code\DataCentric\Backup\DataManipulator.cs">
</Event><Event ErrorLevel="0" Project="DataCentric" Source="frmMapSelectForm.cs" Description="File successfully backed up as D:\Dispersal\Code\DataCentric\Backup\frmMapSelectForm.cs">
</Event><Event ErrorLevel="0" Project="DataCentric" Source="frmMapTimes.cs" Description="File successfully backed up as D:\Dispersal\Code\DataCentric\Backup\frmMapTimes.cs">
</Event><Event ErrorLevel="0" Project="DataCentric" Source="frmModifierInput.cs" Description="File successfully backed up as D:\Dispersal\Code\DataCentric\Backup\frmModifierInput.cs">
</Event><Event ErrorLevel="0" Project="DataCentric" Source="frmSeason.cs" Description="File successfully backed up as D:\Dispersal\Code\DataCentric\Backup\frmSeason.cs">
</Event><Event ErrorLevel="0" Project="DataCentric" Source="frmYearlyForm.cs" Description="File successfully backed up as D:\Dispersal\Code\DataCentric\Backup\frmYearlyForm.cs">
</Event><Event ErrorLevel="0" Project="DataCentric" Source="HomeRangeBuilder.cs" Description="File successfully backed up as D:\Dispersal\Code\DataCentric\Backup\HomeRangeBuilder.cs">
</Event><Event ErrorLevel="0" Project="DataCentric" Source="BeamMeHomeScottyMover.cs" Description="File successfully backed up as D:\Dispersal\Code\DataCentric\Backup\BeamMeHomeScottyMover.cs">
</Event><Event ErrorLevel="0" Project="DataCentric" Source="BehaviorModifier.cs" Description="File successfully backed up as D:\Dispersal\Code\DataCentric\Backup\BehaviorModifier.cs">
</Event><Event ErrorLevel="0" Project="DataCentric" Source="BestComboHomeRangeFinder.cs" Description="File successfully backed up as D:\Dispersal\Code\DataCentric\Backup\BestComboHomeRangeFinder.cs">
</Event><Event ErrorLevel="0" Project="DataCentric" Source="BestFoodHomeRangeFinder.cs" Description="File successfully backed up as D:\Dispersal\Code\DataCentric\Backup\BestFoodHomeRangeFinder.cs">
</Event><Event ErrorLevel="0" Project="DataCentric" Source="BestRiskHomeRangeFinder.cs" Description="File successfully backed up as D:\Dispersal\Code\DataCentric\Backup\BestRiskHomeRangeFinder.cs">
</Event><Event ErrorLevel="0" Project="DataCentric" Source="ClosestHomeRangeFinder.cs" Description="File successfully backed up as D:\Dispersal\Code\DataCentric\Backup\ClosestHomeRangeFinder.cs">
</Event><Event ErrorLevel="0" Project="DataCentric" Source="CraptasticXmlException.cs" Description="File successfully backed up as D:\Dispersal\Code\DataCentric\Backup\CraptasticXmlException.cs">
</Event><Event ErrorLevel="0" Project="DataCentric" Source="crossOverInfo.cs" Description="File successfully backed up as D:\Dispersal\Code\DataCentric\Backup\crossOverInfo.cs">
</Event><Event ErrorLevel="0" Project="DataCentric" Source="DailyModiferCollection.cs" Description="File successfully backed up as D:\Dispersal\Code\DataCentric\Backup\DailyModiferCollection.cs">
</Event><Event ErrorLevel="0" Project="DataCentric" Source="DailyModifier.cs" Description="File successfully backed up as D:\Dispersal\Code\DataCentric\Backup\DailyModifier.cs">
</Event><Event ErrorLevel="0" Project="DataCentric" Source="DeadDisperser.cs" Description="File successfully backed up as D:\Dispersal\Code\DataCentric\Backup\DeadDisperser.cs">
</Event><Event ErrorLevel="0" Project="DataCentric" Source="DirectedMover.cs" Description="File successfully backed up as D:\Dispersal\Code\DataCentric\Backup\DirectedMover.cs">
</Event><Event ErrorLevel="0" Project="DataCentric" Source="Duration.cs" Description="File successfully backed up as D:\Dispersal\Code\DataCentric\Backup\Duration.cs">
</Event><Event ErrorLevel="0" Project="DataCentric" Source="EligibleHomeSite.cs" Description="File successfully backed up as D:\Dispersal\Code\DataCentric\Backup\EligibleHomeSite.cs">
</Event><Event ErrorLevel="0" Project="DataCentric" Source="EligibleHomeSites.cs" Description="File successfully backed up as D:\Dispersal\Code\DataCentric\Backup\EligibleHomeSites.cs">
</Event><Event ErrorLevel="0" Project="DataCentric" Source="FemaleAnimal.cs" Description="File successfully backed up as D:\Dispersal\Code\DataCentric\Backup\FemaleAnimal.cs">
</Event><Event ErrorLevel="0" Project="DataCentric" Source="FemaleModifier.cs" Description="File successfully backed up as D:\Dispersal\Code\DataCentric\Backup\FemaleModifier.cs">
</Event><Event ErrorLevel="0" Project="DataCentric" Source="frmInput.cs" Description="File successfully backed up as D:\Dispersal\Code\DataCentric\Backup\frmInput.cs">
</Event><Event ErrorLevel="0" Project="DataCentric" Source="GenderModifier.cs" Description="File successfully backed up as D:\Dispersal\Code\DataCentric\Backup\GenderModifier.cs">
</Event><Event ErrorLevel="0" Project="DataCentric" Source="HomeRangeCriteria.cs" Description="File successfully backed up as D:\Dispersal\Code\DataCentric\Backup\HomeRangeCriteria.cs">
</Event><Event ErrorLevel="0" Project="DataCentric" Source="HomeRangeFinder.cs" Description="File successfully backed up as D:\Dispersal\Code\DataCentric\Backup\HomeRangeFinder.cs">
</Event><Event ErrorLevel="0" Project="DataCentric" Source="HourlyModifier.cs" Description="File successfully backed up as D:\Dispersal\Code\DataCentric\Backup\HourlyModifier.cs">
</Event><Event ErrorLevel="0" Project="DataCentric" Source="HourlyModifierCollection.cs" Description="File successfully backed up as D:\Dispersal\Code\DataCentric\Backup\HourlyModifierCollection.cs">
</Event><Event ErrorLevel="0" Project="DataCentric" Source="IAttributeObserver.cs" Description="File successfully backed up as D:\Dispersal\Code\DataCentric\Backup\IAttributeObserver.cs">
</Event><Event ErrorLevel="0" Project="DataCentric" Source="IHomeRangeCriteria.cs" Description="File successfully backed up as D:\Dispersal\Code\DataCentric\Backup\IHomeRangeCriteria.cs">
</Event><Event ErrorLevel="0" Project="DataCentric" Source="IHomeRangeFinder.cs" Description="File successfully backed up as D:\Dispersal\Code\DataCentric\Backup\IHomeRangeFinder.cs">
</Event><Event ErrorLevel="0" Project="DataCentric" Source="IHomeRangeTrigger.cs" Description="File successfully backed up as D:\Dispersal\Code\DataCentric\Backup\IHomeRangeTrigger.cs">
</Event><Event ErrorLevel="0" Project="DataCentric" Source="InitialAnimalAttributes.cs" Description="File successfully backed up as D:\Dispersal\Code\DataCentric\Backup\InitialAnimalAttributes.cs">
</Event><Event ErrorLevel="0" Project="DataCentric" Source="InitialResidentInfo.cs" Description="File successfully backed up as D:\Dispersal\Code\DataCentric\Backup\InitialResidentInfo.cs">
</Event><Event ErrorLevel="0" Project="DataCentric" Source="InvalidMapException.cs" Description="File successfully backed up as D:\Dispersal\Code\DataCentric\Backup\InvalidMapException.cs">
</Event><Event ErrorLevel="0" Project="DataCentric" Source="IPointList.cs" Description="File successfully backed up as D:\Dispersal\Code\DataCentric\Backup\IPointList.cs">
</Event><Event ErrorLevel="0" Project="DataCentric" Source="MaleAnimal.cs" Description="File successfully backed up as D:\Dispersal\Code\DataCentric\Backup\MaleAnimal.cs">
</Event><Event ErrorLevel="0" Project="DataCentric" Source="MaleModifier.cs" Description="File successfully backed up as D:\Dispersal\Code\DataCentric\Backup\MaleModifier.cs">
</Event><Event ErrorLevel="0" Project="DataCentric" Source="Map.cs" Description="File successfully backed up as D:\Dispersal\Code\DataCentric\Backup\Map.cs">
</Event><Event ErrorLevel="0" Project="DataCentric" Source="MapManager.cs" Description="File successfully backed up as D:\Dispersal\Code\DataCentric\Backup\MapManager.cs">
</Event><Event ErrorLevel="0" Project="DataCentric" Source="Maps.cs" Description="File successfully backed up as D:\Dispersal\Code\DataCentric\Backup\Maps.cs">
</Event><Event ErrorLevel="0" Project="DataCentric" Source="MapSwapTrigger.cs" Description="File successfully backed up as D:\Dispersal\Code\DataCentric\Backup\MapSwapTrigger.cs">
</Event><Event ErrorLevel="0" Project="DataCentric" Source="MapValue.cs" Description="File successfully backed up as D:\Dispersal\Code\DataCentric\Backup\MapValue.cs">
</Event><Event ErrorLevel="0" Project="DataCentric" Source="MemoryMap.cs" Description="File successfully backed up as D:\Dispersal\Code\DataCentric\Backup\MemoryMap.cs">
</Event><Event ErrorLevel="0" Project="DataCentric" Source="Modifier.cs" Description="File successfully backed up as D:\Dispersal\Code\DataCentric\Backup\Modifier.cs">
</Event><Event ErrorLevel="0" Project="DataCentric" Source="Mover.cs" Description="File successfully backed up as D:\Dispersal\Code\DataCentric\Backup\Mover.cs">
</Event><Event ErrorLevel="0" Project="DataCentric" Source="ObservableAttribute.cs" Description="File successfully backed up as D:\Dispersal\Code\DataCentric\Backup\ObservableAttribute.cs">
</Event><Event ErrorLevel="0" Project="DataCentric" Source="OutPutManage.cs" Description="File successfully backed up as D:\Dispersal\Code\DataCentric\Backup\OutPutManage.cs">
</Event><Event ErrorLevel="0" Project="DataCentric" Source="Point.cs" Description="File successfully backed up as D:\Dispersal\Code\DataCentric\Backup\Point.cs">
</Event><Event ErrorLevel="0" Project="DataCentric" Source="Program.cs" Description="File successfully backed up as D:\Dispersal\Code\DataCentric\Backup\Program.cs">
</Event><Event ErrorLevel="0" Project="DataCentric" Source="RandomNumbers.cs" Description="File successfully backed up as D:\Dispersal\Code\DataCentric\Backup\RandomNumbers.cs">
</Event><Event ErrorLevel="0" Project="DataCentric" Source="RandomWCMover.cs" Description="File successfully backed up as D:\Dispersal\Code\DataCentric\Backup\RandomWCMover.cs">
</Event><Event ErrorLevel="0" Project="DataCentric" Source="Resident.cs" Description="File successfully backed up as D:\Dispersal\Code\DataCentric\Backup\Resident.cs">
</Event><Event ErrorLevel="0" Project="DataCentric" Source="ResidentAttributes.cs" Description="File successfully backed up as D:\Dispersal\Code\DataCentric\Backup\ResidentAttributes.cs">
</Event><Event ErrorLevel="0" Project="DataCentric" Source="Resting.cs" Description="File successfully backed up as D:\Dispersal\Code\DataCentric\Backup\Resting.cs">
</Event><Event ErrorLevel="0" Project="DataCentric" Source="RiskyForage.cs" Description="File successfully backed up as D:\Dispersal\Code\DataCentric\Backup\RiskyForage.cs">
</Event><Event ErrorLevel="0" Project="DataCentric" Source="RiskySearch.cs" Description="File successfully backed up as D:\Dispersal\Code\DataCentric\Backup\RiskySearch.cs">
</Event><Event ErrorLevel="0" Project="DataCentric" Source="SafeForage.cs" Description="File successfully backed up as D:\Dispersal\Code\DataCentric\Backup\SafeForage.cs">
</Event><Event ErrorLevel="0" Project="DataCentric" Source="SafeSearch.cs" Description="File successfully backed up as D:\Dispersal\Code\DataCentric\Backup\SafeSearch.cs">
</Event><Event ErrorLevel="0" Project="DataCentric" Source="SimulatonManager.cs" Description="File successfully backed up as D:\Dispersal\Code\DataCentric\Backup\SimulatonManager.cs">
</Event><Event ErrorLevel="0" Project="DataCentric" Source="SiteHomeRangeTrigger.cs" Description="File successfully backed up as D:\Dispersal\Code\DataCentric\Backup\SiteHomeRangeTrigger.cs">
</Event><Event ErrorLevel="0" Project="DataCentric" Source="SleepMover.cs" Description="File successfully backed up as D:\Dispersal\Code\DataCentric\Backup\SleepMover.cs">
</Event><Event ErrorLevel="0" Project="DataCentric" Source="StraightMover.cs" Description="File successfully backed up as D:\Dispersal\Code\DataCentric\Backup\StraightMover.cs">
</Event><Event ErrorLevel="0" Project="DataCentric" Source="TemporalModifiers.cs" Description="File successfully backed up as D:\Dispersal\Code\DataCentric\Backup\TemporalModifiers.cs">
</Event><Event ErrorLevel="0" Project="DataCentric" Source="TextFileWriter.cs" Description="File successfully backed up as D:\Dispersal\Code\DataCentric\Backup\TextFileWriter.cs">
</Event><Event ErrorLevel="0" Project="DataCentric" Source="TimeHomeRangeTrigger.cs" Description="File successfully backed up as D:\Dispersal\Code\DataCentric\Backup\TimeHomeRangeTrigger.cs">
</Event><Event ErrorLevel="0" Project="DataCentric" Source="frmInput.resx" Description="File successfully backed up as D:\Dispersal\Code\DataCentric\Backup\frmInput.resx">
</Event><Event ErrorLevel="0" Project="DataCentric" Source="frmMapSelectForm.resx" Description="File successfully backed up as D:\Dispersal\Code\DataCentric\Backup\frmMapSelectForm.resx">
</Event><Event ErrorLevel="0" Project="DataCentric" Source="frmMapTimes.resx" Description="File successfully backed up as D:\Dispersal\Code\DataCentric\Backup\frmMapTimes.resx">
</Event><Event ErrorLevel="0" Project="DataCentric" Source="frmModifierInput.resx" Description="File successfully backed up as D:\Dispersal\Code\DataCentric\Backup\frmModifierInput.resx">
</Event><Event ErrorLevel="0" Project="DataCentric" Source="frmSeason.resx" Description="File successfully backed up as D:\Dispersal\Code\DataCentric\Backup\frmSeason.resx">
</Event><Event ErrorLevel="0" Project="DataCentric" Source="frmYearlyForm.resx" Description="File successfully backed up as D:\Dispersal\Code\DataCentric\Backup\frmYearlyForm.resx">
</Event><Event ErrorLevel="0" Project="DataCentric" Source="DataCentric.csproj" Description="Project converted successfully">
</Event><Event ErrorLevel="3" Project="DataCentric" Source="DataCentric.csproj" Description="Converted">
</Event><Event ErrorLevel="0" Project="" Source="DataCentric.sln" Description="Solution converted successfully">
</Event><Event ErrorLevel="3" Project="" Source="DataCentric.sln" Description="Converted">
</Event><Event ErrorLevel="0" Project="DataCentric" Source="DataCentric.csproj" Description="Scan complete: Upgrade not required for project files.">
</Event></UpgradeLog>